<?xml version="1.0" encoding="UTF-8"?>
<!DOCTYPE mapper PUBLIC "-//mybatis.org//DTD Mapper 3.0//EN" "http://mybatis.org/dtd/mybatis-3-mapper.dtd">
<mapper namespace="com.myweb.board.repository.BoardMapper">
    <insert id="insert" parameterType="bdto">
    insert into pboard (title, content, writer)
    values (#{title}, #{content}, #{writer})
    </insert>
    <select id="selectList" resultType="bdto">
        select pno, title, writer, readcount, mod_at
        from pboard order by pno desc
    </select>
    <select id="selectOne" resultType="bdto" parameterType="long">
        select * from pboard where pno = #{pno}
    </select>
    <update id="update" parameterType="bdto">
        update pboard set title = #{title}, content = #{content}, mod_at = now()
        where pno = #{pno}
    </update>
    <update id="updateRC" parameterType="long">
        update pboard set readcount = readcount + 1
        where pno = #{pno}
    </update>
    <delete id="delete" parameterType="long">
        delete from pboard where pno = #{pno}
    </delete>
</mapper>